method,brier_score,ece
Uncalibrated,0.08066852680736156,0.06388298995200903
Platt Scaling,0.0743127499913937,0.02325555074670777
Isotonic Reg.,0.06854684152329259,1.8318679906315084e-18
