auroc,auprc,f1,brier,ece,auroc_ci_lo,auroc_ci_hi
0.9797393268550905,0.9643545135124242,0.9233449477351916,0.04394254415076943,0.025696372950937407,0.96742273610071,0.9896479825888681
