version,features,auroc,auprc
v2,6,0.9373425,0.9344638612802878
v3,7,0.9386259999999998,0.932782807619496
